City,Lat,Long,Max_temp,Humidity,Cloudiness,Wind_Speed,Country,Date
kapaa,22.08,-159.32,80.6,69,20,10.29,US,1609278711
ajdabiya,30.76,20.23,56.93,50,0,10.22,LY,1609278980
tasiilaq,65.61,-37.64,17.6,92,14,2.24,GL,1609278981
busselton,-33.65,115.33,64.0,74,25,3.0,AU,1609278651
ushuaia,-54.8,-68.3,55.4,37,20,9.17,AR,1609278661
new norfolk,-42.78,147.06,63.0,54,61,3.0,AU,1609278689
atuona,-9.8,-139.03,78.91,74,0,15.64,PF,1609278707
magadan,59.57,150.8,-5.24,89,100,12.35,RU,1609278986
umm lajj,25.02,37.27,75.02,61,0,4.9,SA,1609278987
puerto ayora,-0.74,-90.35,84.2,54,40,16.11,EC,1609278784
cabo san lucas,22.89,-109.91,73.99,60,5,18.34,MX,1609278989
ikalamavony,-21.15,46.58,69.85,77,100,6.33,MG,1609278990
karpogory,64.0,44.45,6.6,93,100,6.98,RU,1609278991
cape town,-33.93,18.42,66.0,77,0,9.17,ZA,1609278750
hermanus,-34.42,19.23,62.01,80,0,3.0,ZA,1609278666
gumla,23.05,84.55,55.69,66,23,3.98,IN,1609278994
slave lake,55.28,-114.77,12.2,78,1,3.36,CA,1609278995
la ronge,55.1,-105.28,15.8,78,83,4.7,CA,1609278998
pisco,-13.7,-76.22,73.4,78,0,17.22,PE,1609278999
shushenskoye,53.33,91.94,-20.2,75,87,2.24,RU,1609278792
rawson,-43.3,-65.1,77.47,35,55,37.11,AR,1609278928
carnarvon,-24.87,113.63,75.2,100,40,10.29,AU,1609278778
azad shahr,34.79,48.57,34.41,82,13,1.32,IR,1609279003
mahon,39.89,4.27,51.8,53,37,9.17,ES,1609279004
milkovo,54.72,158.62,-4.52,89,77,1.9,RU,1609279005
poum,-20.23,164.02,81.68,79,36,24.81,NC,1609279006
staryy nadym,65.61,72.68,-11.36,89,96,10.29,RU,1609279007
vestmannaeyjar,63.44,-20.27,32.04,92,100,15.97,IS,1609278775
bethel,41.37,-73.41,33.8,47,75,13.87,US,1609279009
namatanai,-3.67,152.43,80.1,79,91,0.67,PG,1609278757
punta arenas,-53.15,-70.92,55.4,47,0,20.8,CL,1609278652
castro,-24.79,-50.01,68.79,90,100,2.57,BR,1609278668
elk grove,38.41,-121.37,59.0,41,1,4.7,US,1609278919
nova vicosa,-17.89,-39.37,76.71,81,0,8.12,BR,1609279016
dunedin,-45.87,170.5,58.93,75,100,1.77,NZ,1609279017
saint george,37.1,-113.58,48.99,36,1,3.36,US,1609279018
barrow,71.29,-156.79,-9.4,76,1,11.41,US,1609278731
longyearbyen,78.22,15.64,32.0,95,75,6.93,SJ,1609279020
ribeira grande,38.52,-28.7,55.4,76,40,11.41,PT,1609279021
lompoc,34.64,-120.46,60.8,48,1,11.41,US,1609279022
padang,-0.95,100.35,78.04,77,98,5.53,ID,1609279023
torbay,47.67,-52.73,36.0,94,90,12.75,CA,1609278668
jamestown,42.1,-79.24,26.01,68,90,12.75,US,1609278612
quatre cocos,-20.21,57.76,77.0,78,40,11.41,MU,1609279026
saint anthony,45.02,-93.22,21.99,85,90,6.93,US,1609279027
hilo,19.73,-155.09,80.6,61,40,6.93,US,1609279029
butaritari,3.07,172.79,81.72,79,95,19.48,KI,1609278717
kaitangata,-46.28,169.85,64.0,63,100,4.0,NZ,1609278708
najran,17.49,44.13,55.4,50,0,1.5,SA,1609279032
poso,-1.4,120.75,78.01,76,100,3.87,ID,1609279033
harer,9.31,42.13,58.87,79,0,2.91,ET,1609279034
saint-philippe,-21.36,55.77,77.0,65,0,14.99,RE,1609278786
tome,-36.62,-72.95,68.0,56,0,17.22,CL,1609279038
saldanha,-33.01,17.94,62.6,72,0,1.12,ZA,1609279039
rath,25.58,79.57,46.33,55,0,5.64,IN,1609279040
nanortalik,60.14,-45.24,24.85,90,96,6.87,GL,1609278662
qaanaaq,77.48,-69.36,7.47,84,25,3.53,GL,1609279042
ostrovnoy,68.05,39.51,18.27,93,96,16.31,RU,1609279043
doka,13.52,35.77,74.8,35,0,9.48,SD,1609279044
ponta do sol,32.67,-17.1,59.0,72,75,10.29,PT,1609279045
tura,25.52,90.22,57.0,74,0,4.45,IN,1609279047
cayenne,4.93,-52.33,80.6,88,90,4.7,GF,1609279048
colares,38.8,-9.45,48.99,89,0,17.0,PT,1609279049
salalah,17.02,54.09,75.2,38,0,10.29,OM,1609279050
peniche,39.36,-9.38,50.0,78,0,5.01,PT,1609279051
egvekinot,66.32,-179.17,-5.17,92,100,16.22,RU,1609279052
tuktoyaktuk,69.45,-133.04,-4.0,76,90,11.41,CA,1609279053
yellowknife,62.46,-114.35,-2.2,77,90,2.24,CA,1609278785
astoria,46.19,-123.83,45.0,80,90,10.29,US,1609279055
bilma,18.69,12.92,61.88,28,0,5.46,NE,1609279056
albany,42.6,-73.97,28.0,45,95,3.0,US,1609278511
dikson,73.51,80.55,-23.13,82,0,4.79,RU,1609278723
siilinjarvi,63.08,27.67,26.6,92,90,12.75,FI,1609279059
port hedland,-20.32,118.57,82.4,83,58,5.82,AU,1609279060
gambela,8.25,34.58,82.62,33,7,0.96,ET,1609279061
avera,33.19,-82.53,64.4,45,1,5.82,US,1609279063
mataura,-46.19,168.86,62.01,74,100,11.01,NZ,1609278663
tuatapere,-46.13,167.68,62.01,74,100,11.01,NZ,1609279065
talnakh,69.49,88.4,-21.84,69,0,5.39,RU,1609279066
sann,26.04,68.14,44.6,75,0,8.16,PK,1609279067
matara,5.95,80.54,74.32,88,2,8.08,LK,1609279068
half moon bay,37.46,-122.43,59.0,66,1,14.99,US,1609279069
benguela,-12.58,13.41,78.39,77,100,5.17,AO,1609279070
luderitz,-26.65,15.16,62.6,77,27,17.22,NA,1609278656
zyryanka,65.75,150.85,-31.54,83,98,12.68,RU,1609279072
iguape,-24.71,-47.56,76.8,88,100,7.14,BR,1609279073
khatanga,71.97,102.5,-31.22,84,87,8.48,RU,1609279074
nikolskoye,59.7,30.79,28.4,86,90,17.9,RU,1609278722
mar del plata,-38.0,-57.56,75.2,83,20,13.87,AR,1609279078
katsuura,35.13,140.3,61.0,70,66,13.0,JP,1609278678
bluff,-46.6,168.33,62.01,74,100,11.01,NZ,1609278713
arawa,-6.21,155.54,81.48,77,100,1.9,PG,1609279082
saint-pierre,-21.34,55.48,77.0,65,0,14.99,RE,1609279083
folldal,62.13,10.0,22.08,94,97,0.63,NO,1609279084
rikitea,-23.12,-134.97,78.17,76,100,8.86,PF,1609278709
lagoa,39.05,-27.98,57.31,71,100,17.96,PT,1609279086
luba,3.46,8.55,80.6,100,20,8.05,GQ,1609279087
celestun,20.87,-90.4,77.97,63,0,10.54,MX,1609279088
chuy,-33.7,-53.46,74.43,73,0,10.74,UY,1609279090
vaini,-21.2,-175.2,77.0,88,75,6.93,TO,1609279091
port alfred,-33.59,26.89,69.01,89,100,1.99,ZA,1609278687
faanui,-16.48,-151.75,80.64,78,94,14.79,PF,1609279093
hualmay,-11.1,-77.61,73.62,74,91,11.97,PE,1609279094
avarua,-21.21,-159.78,86.0,74,24,6.93,CK,1609279096
coquimbo,-29.95,-71.34,66.2,68,20,12.75,CL,1609278500
sulya,12.57,75.38,75.2,83,0,2.82,IN,1609279098
adiake,5.29,-3.3,82.4,88,20,5.82,CI,1609279099
mujiayingzi,42.12,118.78,-16.62,78,0,12.12,CN,1609279100
broken hill,-31.95,141.43,64.4,48,75,14.99,AU,1609278753
hobart,-42.88,147.33,63.0,67,40,9.17,AU,1609278449
nishihara,26.18,127.76,64.4,77,90,20.8,JP,1609279104
kruisfontein,-34.0,24.73,59.88,91,29,5.01,ZA,1609279105
margate,51.38,1.39,39.0,83,90,4.0,GB,1609279106
kavieng,-2.57,150.8,84.09,65,96,4.65,PG,1609279107
kholodnyy,62.72,147.95,-18.02,83,100,7.72,RU,1609279108
bambous virieux,-20.34,57.76,77.0,78,40,11.41,MU,1609279110
newton,42.34,-71.21,30.99,33,17,14.99,US,1609278918
catuday,16.29,119.81,79.52,86,85,22.86,PH,1609279112
grand baie,-20.02,57.58,77.0,78,2,8.01,MU,1609278887
kodiak,57.79,-152.41,39.2,93,90,23.04,US,1609278767
iwanai,42.97,140.51,17.76,91,100,3.31,JP,1609279116
diamantino,-14.41,-56.45,79.74,75,18,2.89,BR,1609279117
beya,53.05,90.91,-12.3,82,100,0.89,RU,1609279118
coronel oviedo,-25.42,-56.45,82.02,78,15,2.33,PY,1609279120
irbil,36.19,44.01,49.03,47,0,3.38,IQ,1609279121
lavrentiya,65.58,-171.0,22.03,97,99,11.83,RU,1609278761
menongue,-14.66,17.69,64.72,92,95,4.05,AO,1609279123
hasaki,35.73,140.83,55.0,93,75,5.82,JP,1609279124
linqiong,30.42,103.46,37.4,93,93,6.06,CN,1609279125
hithadhoo,-0.6,73.08,81.99,76,95,7.96,MV,1609279126
kibi,6.16,-0.55,73.8,86,76,2.04,GH,1609279127
moose factory,51.26,-80.61,10.4,72,90,14.99,CA,1609279128
beringovskiy,63.05,179.32,23.9,98,100,9.53,RU,1609279129
bredasdorp,-34.53,20.04,62.6,63,0,3.36,ZA,1609278740
catamarca,-28.47,-65.79,80.01,74,37,15.41,AR,1609279132
lorengau,-2.02,147.27,84.61,64,24,3.74,PG,1609279133
komsomolskiy,40.43,71.72,28.4,86,0,2.24,UZ,1609279134
berdigestyakh,62.1,126.7,-12.77,89,100,5.59,RU,1609279135
chapais,49.78,-74.85,6.8,77,90,11.41,CA,1609279136
vila franca do campo,37.72,-25.43,53.6,76,20,9.17,PT,1609278796
yerbogachen,61.28,108.01,-24.52,83,1,6.91,RU,1609279138
richards bay,-28.78,32.04,77.29,79,0,4.68,ZA,1609279139
naze,28.37,129.48,66.2,82,75,32.21,JP,1609278748
kariba,-16.52,28.8,74.43,83,96,2.93,ZW,1609279141
alta floresta,-9.88,-56.09,72.12,95,100,0.98,BR,1609279142
lebu,-37.62,-73.65,60.44,74,18,10.92,CL,1609279144
chokurdakh,70.63,147.92,-35.46,84,98,7.81,RU,1609278699
pirajui,-22.0,-49.46,77.0,81,84,4.0,BR,1609279146
husavik,66.04,-17.34,19.4,85,40,1.12,IS,1609279147
hobyo,5.35,48.53,79.0,80,41,22.26,SO,1609279149
norman wells,65.28,-126.83,-9.4,83,75,2.64,CA,1609278659
jadu,31.95,12.03,49.17,48,4,13.35,LY,1609279151
martapura,-3.42,114.85,75.2,100,75,1.12,ID,1609279154
sola,-13.88,167.55,84.2,83,75,5.82,VU,1609279155
kutum,14.2,24.67,61.68,32,0,8.28,SD,1609279157
mao,39.89,4.27,51.8,53,37,9.17,ES,1609279004
manzanillo,20.34,-77.12,76.06,67,7,15.41,CU,1609279159
frunzivka,47.33,29.75,45.03,90,55,8.01,UA,1609279160
laguna,38.42,-121.42,59.0,41,1,4.7,US,1609279162
pochutla,15.74,-96.47,82.99,58,5,6.93,MX,1609279164
kabompo,-13.59,24.2,65.95,96,100,2.95,ZM,1609279166
codrington,-38.27,141.97,61.25,79,100,2.1,AU,1609278512
haines junction,60.75,-137.51,23.0,94,100,0.51,CA,1609278681
soyo,-6.13,12.37,78.66,84,100,4.32,AO,1609278871
basco,20.45,121.97,76.24,79,100,32.79,PH,1609279170
amga,60.9,131.96,-48.82,75,52,0.65,RU,1609279171
kununurra,-15.77,128.73,78.8,100,100,4.7,AU,1609279172
meulaboh,4.14,96.13,75.27,89,42,5.61,ID,1609279173
hit,33.64,42.83,53.19,39,0,7.09,IQ,1609279174
yumen,40.28,97.2,1.92,79,0,17.98,CN,1609279175
seoul,37.57,126.98,14.0,56,20,14.41,KR,1609278991
port-cartier,50.03,-66.87,18.0,72,100,17.22,CA,1609279177
warrington,53.39,-2.58,37.4,93,0,4.7,GB,1609279179
arraial do cabo,-22.97,-42.03,77.0,78,75,13.87,BR,1609278732
hambantota,6.12,81.12,71.6,100,20,5.82,LK,1609278771
yar-sale,66.83,70.83,-12.03,90,99,8.34,RU,1609279182
vardo,70.37,31.11,32.0,91,75,21.92,NO,1609279183
kenitra,34.26,-6.58,53.6,100,75,4.7,MA,1609279016
zheleznodorozhnyy,55.75,38.0,23.0,85,75,15.66,RU,1609279186
nemuro,43.32,145.57,23.52,97,100,10.27,JP,1609279188
puerto quijarro,-17.78,-57.77,90.97,45,98,3.06,BO,1609279189
piacabucu,-10.41,-36.43,76.91,75,99,8.66,BR,1609279192
kavaratti,10.57,72.64,81.01,80,32,12.24,IN,1609279193
itarema,-2.92,-39.92,80.24,74,29,16.87,BR,1609279194
astaneh-ye ashrafiyeh,37.26,49.94,44.91,83,95,1.79,IR,1609279195
reconquista,-29.15,-59.65,94.6,36,2,2.73,AR,1609279196
bengkulu,-3.8,102.27,75.99,77,100,3.62,ID,1609279197
port hardy,50.7,-127.42,42.8,86,90,21.92,CA,1609279199
chermoz,58.79,56.15,-12.35,90,87,2.8,RU,1609279200
provideniya,64.38,-173.3,26.6,79,75,13.42,RU,1609278790
hirara,24.8,125.28,62.6,82,75,21.92,JP,1609279204
paamiut,61.99,-49.67,30.99,93,100,27.07,GL,1609279153
shimoda,34.67,138.95,50.0,91,67,1.99,JP,1609279207
nacogdoches,31.6,-94.63,71.6,56,75,13.87,US,1609279213
santa maria,-29.68,-53.81,91.4,36,20,3.36,BR,1609279219
azangaro,-14.92,-70.22,55.0,60,98,5.03,PE,1609279221
souillac,-20.52,57.52,77.0,78,40,11.41,MU,1609278648
san policarpo,12.18,125.51,80.53,82,79,2.04,PH,1609279223
abonnema,4.71,6.79,80.6,88,20,6.87,NG,1609279224
dalbandin,28.89,64.41,37.89,57,0,6.31,PK,1609279226
port lincoln,-34.73,135.87,63.16,77,100,11.1,AU,1609279228
gamba,-2.65,10.0,77.07,92,100,7.34,GA,1609279229
svetlogorsk,52.63,29.73,33.98,95,59,7.9,BY,1609279230
opuwo,-18.06,13.84,69.04,67,100,7.05,NA,1609279231
mahibadhoo,3.78,72.97,81.84,74,52,6.31,MV,1609279232
ranghulu,46.65,124.87,-8.64,85,1,7.94,CN,1609279147
guerrero negro,27.98,-114.06,62.37,57,2,18.75,MX,1609279235
marawi,8.0,124.29,73.0,93,98,5.99,PH,1609279236
curuca,-0.73,-47.85,79.75,76,68,7.16,BR,1609279237
deputatskiy,69.3,139.9,-27.83,87,34,2.62,RU,1609279238
mount gambier,-37.83,140.77,59.0,87,90,8.05,AU,1609279239
oktyabrskiy,54.48,53.47,-7.06,91,12,1.72,RU,1609279240
poya,-21.35,165.15,81.99,71,19,7.14,NC,1609279241
nuevo progreso,23.17,-97.95,82.0,42,0,5.01,MX,1609279243
pozorice,49.21,16.79,39.2,86,0,6.93,CZ,1609279244
nelson bay,-32.72,152.15,73.0,83,56,6.93,AU,1609279003
novo aripuana,-5.12,-60.38,76.59,94,100,1.99,BR,1609279247
salamiyah,35.01,37.05,47.71,66,0,5.55,SY,1609279248
kuching,1.55,110.33,75.2,100,40,2.89,MY,1609279222
saint-georges,12.06,-61.75,84.2,74,20,7.27,GD,1609279250
interlaken,36.95,-121.73,61.0,44,1,1.72,US,1609279252
bodden town,19.28,-81.25,78.8,65,40,17.22,KY,1609279254
hamilton,39.18,-84.53,36.0,47,90,13.87,US,1609279255
denpasar,-8.65,115.22,78.8,94,40,1.12,ID,1609279256
lanzhou,36.06,103.79,15.01,50,38,1.81,CN,1609279257
saskylakh,71.92,114.08,-23.4,85,99,12.66,RU,1609279258
henties bay,-22.12,14.28,66.0,87,100,9.64,NA,1609279259
constitucion,-35.33,-72.42,64.0,67,11,16.4,CL,1609278554
berlevag,70.86,29.09,32.0,95,99,2.24,NO,1609279261
sao bernardo,-3.36,-42.42,80.37,73,68,8.55,BR,1609279263
puerto montt,-41.47,-72.94,57.2,67,75,14.99,CL,1609279246
ulagan,50.63,87.96,-2.31,74,95,3.13,RU,1609279266
caborca,30.58,-111.1,60.01,50,58,4.0,MX,1609279267
dingle,11.0,122.67,75.78,91,63,5.64,PH,1609278769
lieksa,63.32,30.02,25.68,96,100,13.87,FI,1609279269
riyadh,24.69,46.72,48.2,93,24,6.15,SA,1609279238
port elizabeth,-33.92,25.57,66.2,88,88,5.82,ZA,1609279263
kahului,20.89,-156.47,82.4,51,1,12.19,US,1609279011
bilibino,68.05,166.44,-19.17,83,100,2.57,RU,1609279274
mount pleasant,32.79,-79.86,57.99,67,1,8.05,US,1609279275
severo-kurilsk,50.68,156.12,24.71,91,82,16.91,RU,1609279276
badhni kalan,30.68,75.28,41.11,69,0,3.18,IN,1609279277
diphu,25.83,93.43,51.69,82,75,1.01,IN,1609279278
salinas,36.68,-121.66,60.8,41,1,2.84,US,1609279121
san vicente,-26.62,-54.13,76.19,70,63,1.21,AR,1609279280
tibati,6.47,12.63,71.01,29,25,4.05,CM,1609279281
madras,13.09,80.28,78.8,83,75,2.24,IN,1609279282
viedma,-40.81,-63.0,91.0,24,25,5.01,AR,1609279283
northam,51.03,-4.22,44.01,86,1,4.0,GB,1609279285
miranda,3.25,-76.23,84.2,51,40,6.93,CO,1609279286
serenje,-13.23,30.24,62.83,97,58,3.02,ZM,1609279287
gazanjyk,39.24,55.52,30.36,93,4,9.86,TM,1609279288
falconara marittima,43.62,13.4,51.8,71,40,6.93,IT,1609279289
kirakira,-10.45,161.92,82.54,75,57,9.06,SB,1609279290
sao filipe,14.9,-24.5,74.57,80,91,8.3,CV,1609279291
brcko,44.87,18.81,48.0,60,0,3.36,BA,1609279142
kumluca,36.37,30.29,59.27,76,90,4.47,TR,1609279294
auki,-8.77,160.7,82.81,74,96,4.5,SB,1609279295
dukat,62.55,155.55,-31.41,82,100,8.03,RU,1609279296
wewak,-3.55,143.63,76.5,91,100,2.8,PG,1609279221
yuzhnyy,53.25,83.69,3.2,59,0,11.18,RU,1609279298
sidi ali,36.1,0.42,49.87,78,5,14.07,DZ,1609279299
airai,-8.93,125.41,61.95,100,100,0.69,TL,1609279300
adrar,20.5,-10.07,71.33,35,99,5.97,MR,1609279301
arkhangelsk,64.54,40.54,1.4,84,40,6.71,RU,1609279303
djambala,-2.54,14.75,68.92,93,100,0.92,CG,1609279304
davila,18.47,120.58,78.8,83,90,16.11,PH,1609279305
baykit,61.67,96.37,-24.68,78,27,1.97,RU,1609279306
seymchan,62.88,152.43,-25.08,83,100,7.7,RU,1609279307
inirida,3.87,-67.92,75.97,91,100,1.92,CO,1609279308
ferrol,43.48,-8.24,50.0,65,20,9.17,ES,1609279309
nokaneng,-19.67,22.27,74.68,74,70,4.25,BW,1609279310
sambava,-14.27,50.17,76.78,87,100,8.12,MG,1609279311
alofi,-19.06,-169.92,82.4,83,89,9.17,NU,1609279312
kardailovo,51.54,53.9,-0.72,93,31,3.69,RU,1609279313
oriximina,-1.77,-55.87,77.25,90,100,1.45,BR,1609279315
uglegorsk,49.08,142.03,0.72,92,98,13.78,RU,1609279316
termiz,37.22,67.28,24.8,85,0,2.24,UZ,1609279317
ancud,-41.87,-73.82,57.99,58,75,18.34,CL,1609278791
anadyr,64.75,177.48,15.8,85,75,2.24,RU,1609279319
mount airy,36.5,-80.61,48.2,42,1,5.82,US,1609279258
iralaya,15.0,-83.23,77.0,85,99,14.03,HN,1609279321
belmonte,-15.86,-38.88,78.8,65,75,8.05,BR,1609279323
navahrudak,53.6,25.83,34.5,89,0,13.96,BY,1609279324
sechura,-5.56,-80.82,77.81,60,36,19.98,PE,1609278763
upernavik,72.79,-56.15,16.12,83,34,9.64,GL,1609279326
zeya,53.75,127.27,-16.4,80,25,6.64,RU,1609279327
pangnirtung,66.15,-65.71,12.2,78,90,19.46,CA,1609279328
rudnaya pristan,44.36,135.81,-4.67,79,0,12.17,RU,1609279329
olafsvik,64.89,-23.71,34.02,89,94,6.71,IS,1609279330
pacific grove,36.62,-121.92,60.8,38,1,5.82,US,1609279331
thompson,55.74,-97.86,10.4,85,90,12.75,CA,1609278756
manokwari,-0.87,134.08,79.86,76,100,3.71,ID,1609279277
chipinge,-20.19,32.62,65.97,90,100,3.83,ZW,1609279336
vao,-22.67,167.48,77.94,77,99,21.9,NC,1609279337
winslow,35.02,-110.7,42.8,35,90,9.17,US,1609279338
tarauaca,-8.16,-70.77,82.35,74,43,3.2,BR,1609279339
dafeng,23.45,108.59,46.09,56,100,14.12,CN,1609279340
georgetown,5.41,100.34,78.8,88,20,3.36,MY,1609279253
korla,41.76,86.15,15.84,89,1,3.62,CN,1609279343
barcelos,41.54,-8.62,43.0,93,20,3.36,PT,1609279088
barentu,15.11,37.59,60.48,64,0,2.51,ER,1609279345
berezovyy,51.67,135.7,-20.43,79,98,2.06,RU,1609279347
isangel,-19.55,169.27,82.4,83,75,18.21,VU,1609279348
nova varos,43.46,19.81,41.0,80,72,9.17,RS,1609279092
zhenjiang,32.21,119.43,21.0,78,0,3.0,CN,1609279350
biak,-0.91,122.88,77.83,76,100,1.32,ID,1609279351
iqaluit,63.75,-68.51,5.0,71,90,13.87,CA,1609279131
takahagi,36.72,140.72,41.0,70,77,5.35,JP,1609279353
fortuna,40.6,-124.16,59.0,66,1,6.93,US,1609279354
tommot,58.96,126.29,-8.41,87,100,12.08,RU,1609279355
lagunas,-5.23,-75.68,84.29,66,7,3.71,PE,1609279356
clyde river,70.47,-68.59,-0.4,84,75,12.75,CA,1609279357
luwuk,-0.95,122.79,78.42,74,100,1.77,ID,1609279358
te anau,-45.42,167.72,57.45,72,100,0.51,NZ,1609279241
ternate,0.8,127.4,81.05,77,100,4.47,ID,1609279361
klaksvik,62.23,-6.59,35.6,83,100,23.04,FO,1609279362
pucallpa,-8.38,-74.55,86.0,62,40,6.93,PE,1609279363
port hawkesbury,45.62,-61.35,35.01,80,75,14.99,CA,1609279364
lubango,-14.92,13.49,61.41,94,100,3.0,AO,1609279200
sidhi,24.42,81.88,53.37,64,0,2.21,IN,1609279366
cancun,21.17,-86.85,78.8,57,40,13.87,MX,1609279278
kamaishi,39.27,141.88,37.99,90,100,12.97,JP,1609279368
olinda,-8.01,-34.86,78.8,61,75,11.41,BR,1609279264
ayan,56.45,138.17,-21.23,75,14,9.57,RU,1609279370
monterey,36.25,-121.25,59.0,53,0,5.99,US,1609279371
hueypoxtla,19.91,-99.08,72.0,14,5,2.95,MX,1609279255
cherskiy,68.75,161.3,-35.16,83,96,2.62,RU,1609279374
cidreira,-30.18,-50.21,75.76,86,47,14.32,BR,1609279375
qui nhon,13.77,109.23,71.65,89,100,14.03,VN,1609279376
otane,-39.88,176.63,62.01,71,89,7.85,NZ,1609279378
narsaq,60.92,-46.05,21.2,62,100,6.85,GL,1609279379
namagiripettai,11.47,78.27,70.3,85,74,4.63,IN,1609279380
dargaville,-35.93,173.88,65.95,56,3,9.48,NZ,1609279381
tiksi,71.69,128.87,-0.54,91,99,8.9,RU,1609279382
nizhnevartovsk,60.93,76.55,-7.6,76,100,8.95,RU,1609279383
kleive,62.8,7.64,37.4,69,96,6.93,NO,1609279384
nyimba,-14.56,30.81,69.33,87,72,2.98,ZM,1609279385
indramayu,-6.33,108.32,77.5,85,100,4.81,ID,1609279106
camana,-16.62,-72.71,73.99,73,35,9.91,PE,1609279208
nichinan,31.6,131.37,53.6,66,75,23.04,JP,1609279389
tiarei,-17.53,-149.33,84.2,66,75,6.93,PF,1609279391
teguldet,57.31,88.17,-4.2,87,100,7.85,RU,1609279392
itoman,26.12,127.67,64.4,82,75,36.91,JP,1609279393
san lawrenz,36.06,14.2,60.01,82,20,12.75,MT,1609279394
nuuk,64.18,-51.72,32.0,94,75,31.09,GL,1609279220
mogadishu,2.04,45.34,79.59,81,34,20.58,SO,1609279396
olmos,-5.98,-79.75,83.68,48,59,10.27,PE,1609279397
melilla,35.29,-2.94,59.0,62,20,13.87,ES,1609279398
luanda,-8.84,13.23,78.8,83,20,5.82,AO,1609279399
layou,13.2,-61.27,80.6,83,40,8.39,VC,1609279400
mahebourg,-20.41,57.7,77.0,78,40,11.41,MU,1609279401
canora,51.63,-102.43,15.8,85,90,11.41,CA,1609279402
chai nat,15.12,100.1,75.99,82,77,4.65,TH,1609279403
bolshaya dzhalga,45.97,42.7,31.68,96,10,14.67,RU,1609279404
tavistock,50.55,-4.14,39.0,96,3,7.25,GB,1609279408
yanliang,34.66,109.23,26.01,66,0,6.71,CN,1609279409
mopipi,-21.18,24.88,81.77,56,60,5.08,BW,1609279410
caravelas,-17.71,-39.25,75.56,83,0,5.23,BR,1609279411
lazaro cardenas,17.96,-102.2,79.18,64,0,6.76,MX,1609279413
archidona,37.1,-4.39,51.01,72,22,3.0,ES,1609279414
aloleng,16.13,119.78,80.67,83,92,19.82,PH,1609279415
porto san giorgio,43.18,13.79,48.99,61,28,8.99,IT,1609279416
tutoia,-2.76,-42.27,84.2,74,20,16.11,BR,1609279417
roald,62.58,6.13,36.0,64,96,1.12,NO,1609279418
nyurba,63.28,118.33,-4.2,90,100,10.09,RU,1609279419
hofn,64.25,-15.21,25.29,86,0,17.22,IS,1609279421
inhambane,-23.86,35.38,79.56,89,73,10.49,MZ,1609279422
qaqortoq,60.72,-46.03,21.2,62,100,7.72,GL,1609279423
san alberto,7.76,-73.39,82.26,71,64,0.63,CO,1609279424
puerto escondido,15.85,-97.07,78.8,74,75,5.82,MX,1609279425
porto novo,6.5,2.6,84.2,74,14,8.05,BJ,1609279426
flin flon,54.77,-101.86,19.4,79,75,4.7,CA,1609279427
geraldton,-28.77,114.6,73.4,78,90,12.75,AU,1609279428
nanakuli,21.39,-158.15,82.4,58,1,6.93,US,1609279430
lufkin,31.34,-94.73,71.6,56,75,17.22,US,1609279431
pitimbu,-7.47,-34.81,80.6,69,0,16.11,BR,1609279432
melo,-32.37,-54.18,81.16,51,3,7.11,UY,1609279433
east london,-33.02,27.91,73.0,84,100,18.25,ZA,1609279430
buraydah,26.33,43.98,57.2,82,40,4.7,SA,1609279224
stephenville crossing,48.5,-58.43,37.4,93,90,11.41,CA,1609279438
dhidhdhoo,6.88,73.1,81.36,78,93,11.23,MV,1609279439
miri,4.41,114.01,78.8,94,40,2.24,MY,1609279440
periyapatti,10.75,77.27,75.2,83,75,3.36,IN,1609279441
los llanos de aridane,28.66,-17.92,64.4,82,75,6.93,ES,1609279201
dauphin,51.15,-100.05,16.03,96,92,5.7,CA,1609279445
larsnes,62.2,5.58,37.99,85,97,1.01,NO,1609279446
murgud,16.4,74.2,64.06,54,44,3.02,IN,1609279447
lata,40.16,-8.33,44.6,87,40,4.7,PT,1609279448
san quintin,30.48,-115.95,60.22,57,5,11.9,MX,1609279303
concarneau,47.88,-3.92,42.8,81,20,17.22,FR,1609279451
nouadhibou,20.93,-17.03,66.2,82,0,13.87,MR,1609279452
tczew,54.09,18.78,35.01,100,78,11.34,PL,1609279453
trairi,-3.28,-39.27,80.11,75,23,13.2,BR,1609279330
tual,-5.67,132.75,84.09,76,100,9.46,ID,1609279455
lattes,43.57,3.9,39.2,80,0,6.93,FR,1609279456
hirtshals,57.59,9.96,37.99,97,100,6.85,DK,1609279457
toora-khem,52.47,96.11,-27.4,78,21,1.5,RU,1609279458
marzuq,14.4,46.47,59.76,35,0,2.66,YE,1609279459
gladstone,-23.85,151.25,73.4,88,90,13.87,AU,1609279460
comodoro rivadavia,-45.87,-67.5,64.4,63,75,19.46,AR,1609279265
clonakilty,51.62,-8.87,36.0,80,75,9.17,IE,1609279206
bandiagara,14.35,-3.61,75.2,47,0,2.24,ML,1609279464
ayagoz,47.97,80.44,6.03,89,100,12.53,KZ,1609279465
walvis bay,-22.96,14.51,66.2,77,100,9.17,NA,1609279466
lengshuijiang,27.69,111.43,31.96,92,0,4.63,CN,1609279467
san cristobal,7.77,-72.22,80.6,65,40,11.41,VE,1609279421
recodo,6.95,121.96,77.0,88,75,2.24,PH,1609279469
travesia,15.87,-87.9,77.0,100,75,2.24,HN,1609279470
leh,34.17,77.58,-2.29,64,0,2.19,IN,1609279471
channel-port aux basques,47.57,-59.14,36.75,90,100,20.13,CA,1609279472
kodino,63.72,39.64,9.55,94,45,6.46,RU,1609279473
lensk,60.73,114.93,-22.16,82,100,14.05,RU,1609279475
inta,66.03,60.17,-25.38,83,0,3.4,RU,1609279476
bolton,53.58,-2.43,30.99,83,0,2.48,GB,1609279478
pingliang,35.54,106.69,11.77,72,0,2.08,CN,1609279479
san andres,12.58,-81.7,82.4,78,40,11.41,CO,1609279462
alice springs,-23.7,133.88,69.8,32,20,1.12,AU,1609279481
sahuaripa,29.05,-109.23,64.36,43,42,9.57,MX,1609279482
bhubaneswar,20.23,85.83,64.4,88,0,2.51,IN,1609279284
vinukonda,16.05,79.75,65.77,92,0,1.99,IN,1609279485
glendive,47.11,-104.71,28.99,58,1,16.11,US,1609279399
charyshskoye,51.4,83.56,12.06,83,100,2.28,RU,1609279487
tocopilla,-22.09,-70.2,71.94,61,52,4.0,CL,1609279488
socorro,31.65,-106.3,59.0,33,5,13.87,US,1609279489
banda aceh,5.56,95.32,77.7,82,64,8.97,ID,1609279490
shingu,33.73,135.98,53.8,88,100,11.41,JP,1609279224
pevek,69.7,170.31,-11.36,88,100,4.23,RU,1609279493
hays,30.05,-98.03,70.0,32,100,5.99,US,1609279494
asau,46.43,26.4,39.99,65,89,4.83,RO,1609279495
koslan,63.46,48.9,0.25,91,95,3.56,RU,1609279496
singleton,-32.57,151.18,73.99,62,83,5.91,AU,1609279497
huilong,31.81,121.66,26.01,52,73,25.05,CN,1609279341
maumere,-8.62,122.21,80.01,79,99,3.8,ID,1609279499
tara,56.89,74.37,-4.38,92,100,6.73,RU,1609279500
kokopo,-4.35,152.26,77.74,84,99,3.74,PG,1609279212
grand gaube,-20.01,57.66,75.99,78,2,7.0,MU,1609279504
hami,42.8,93.45,12.22,65,0,4.18,CN,1609279505
oyem,1.6,11.58,69.15,96,94,2.55,GA,1609279506
harper,4.38,-7.72,79.57,84,51,7.25,LR,1609279508
yulara,-25.24,130.99,66.2,21,0,6.93,AU,1609279509
sakakah,29.97,40.21,48.2,70,0,6.93,SA,1609279510
labuhan,-6.88,112.21,75.02,84,100,5.73,ID,1609279511
nobeoka,32.58,131.67,41.0,86,59,5.99,JP,1609279512
bonthe,7.53,-12.51,79.07,81,4,6.6,SL,1609279513
cosmopolis,-22.65,-47.2,73.0,82,85,3.0,BR,1609279514
brae,60.4,-1.35,39.2,77,5,8.05,GB,1609279515
sarangani,5.4,125.46,82.85,73,100,7.0,PH,1609279517
tadine,-21.55,167.88,79.9,73,46,19.6,NC,1609279518
zadar,44.12,15.24,55.4,58,20,14.99,HR,1609279520
srivardhan,18.03,73.02,70.21,64,40,3.65,IN,1609279521
dryden,49.78,-92.75,14.0,78,40,9.17,CA,1609279522
kargasok,59.06,80.86,-0.83,93,97,9.01,RU,1609279523
rocha,-34.48,-54.33,77.81,55,24,8.81,UY,1609279525
privolnaya,46.14,38.7,39.16,79,0,6.8,RU,1609279526
koksovyy,48.2,40.6,28.67,98,89,11.68,RU,1609279528
touros,-5.2,-35.46,78.8,78,0,10.29,BR,1609279283
miles city,46.41,-105.84,28.4,58,90,19.46,US,1609279530
rovaniemi,66.5,25.72,24.8,92,90,8.05,FI,1609279532
sao pedro da aldeia,-22.84,-42.1,77.0,78,75,8.05,BR,1609279533
governador valadares,-18.85,-41.95,74.77,84,63,1.92,BR,1609279534
camopi,3.17,-52.32,74.73,94,69,3.69,GF,1609279535
cascioarele,44.13,26.47,46.0,93,1,1.12,RO,1609279536
sinnamary,5.38,-52.95,78.44,85,48,8.7,GF,1609279537
marsa matruh,31.35,27.25,59.0,77,40,4.7,EG,1609279538
umtata,-31.59,28.78,78.8,57,100,8.05,ZA,1609279540
busia,0.45,34.08,64.92,89,39,3.56,UG,1609279541
mitchell,43.71,-98.03,24.8,79,90,13.87,US,1609279542
morant bay,17.88,-76.41,84.2,66,75,3.36,JM,1609279543
regina,50.45,-104.62,17.6,92,90,20.8,CA,1609279343
mosquera,4.71,-74.23,62.6,59,40,10.29,CO,1609279545
le moule,16.33,-61.35,78.8,78,0,6.93,GP,1609279547
okha,53.57,142.95,-19.52,86,96,12.08,RU,1609279548
sorland,67.67,12.69,39.33,72,97,17.92,NO,1609279549
hovd,48.01,91.64,-12.3,85,6,1.63,MN,1609279550
north bend,43.41,-124.22,53.01,66,1,9.17,US,1609279552
tromso,69.65,18.96,35.6,64,0,19.46,NO,1609279553
outjo,-20.12,16.15,64.4,100,100,1.12,NA,1609279555
mildura,-34.2,142.15,69.01,55,100,10.29,AU,1609279556
petropavlovsk-kamchatskiy,53.05,158.65,6.8,71,78,6.71,RU,1609279557
panshi,42.94,126.06,-6.99,80,44,7.94,CN,1609279335
sept-iles,50.2,-66.38,19.4,72,100,17.22,CA,1609279559
jertih,5.73,102.49,75.2,94,20,3.36,MY,1609279560
havre-saint-pierre,50.23,-63.6,28.4,92,90,14.99,CA,1609279561
banda,25.48,80.33,48.67,50,0,4.52,IN,1609279562
evensk,61.95,159.23,-1.03,85,100,13.29,RU,1609279563
nome,64.5,-165.41,30.2,80,75,13.87,US,1609279448
launceston,-41.45,147.17,62.01,93,90,3.36,AU,1609279565
amalapuram,16.58,82.02,66.61,88,1,4.61,IN,1609279566
turukhansk,65.82,87.98,-18.98,79,80,13.35,RU,1609279568
alugan,12.22,125.48,80.13,83,79,1.99,PH,1609279569
bundaberg,-24.85,152.35,71.01,100,75,12.75,AU,1609279570
hastings,50.86,0.57,37.99,83,98,1.99,GB,1609279571
ambon,-3.7,128.18,77.0,88,40,3.36,ID,1609279573
waipawa,-41.41,175.52,62.01,72,95,8.05,NZ,1609279574
bubaque,11.28,-15.83,80.89,74,0,9.73,GW,1609279576
tateyama,34.98,139.87,62.01,70,60,13.0,JP,1609279326
bima,-8.47,118.72,75.69,84,99,2.48,ID,1609279581
lamego,41.1,-7.81,36.0,9,14,3.38,PT,1609279582
mae hong son,19.3,97.97,58.15,54,55,1.7,TH,1609279573
phek,25.67,94.5,37.02,100,87,1.66,IN,1609279585
krasnoselkup,65.7,82.47,-9.63,86,100,14.79,RU,1609279586
saint-leu,-21.15,55.28,77.0,65,0,14.99,RE,1609279587
frontera,26.93,-101.45,77.0,56,40,5.46,MX,1609279588
namtsy,62.72,129.67,-52.6,55,90,1.99,RU,1609279589
cam ranh,11.92,109.16,77.0,65,20,8.05,VN,1609279590
ahuimanu,21.44,-157.84,80.6,69,40,8.05,US,1609279591
sovetskiy,61.36,63.58,-20.49,87,88,6.44,RU,1609279593
qinnan,33.25,119.91,14.77,84,0,14.27,CN,1609279594
san jose,37.34,-121.89,63.0,30,40,3.36,US,1609279020
beniganj,27.28,80.45,47.89,52,0,5.99,IN,1609279596
high level,58.52,-117.14,-4.0,83,75,1.61,CA,1609279597
etla,17.06,-96.79,77.0,15,5,5.82,MX,1609279598
jalu,29.03,21.55,55.36,53,0,10.13,LY,1609279599
ilulissat,69.22,-51.1,19.4,62,40,24.16,GL,1609279600
muscat,23.61,58.59,62.6,63,0,4.7,OM,1609279601
sitka,57.05,-135.33,46.4,52,75,21.92,US,1609279602
nangomba,-10.9,38.5,73.18,96,100,6.06,TZ,1609279603
pedro escobedo,20.5,-100.13,71.6,19,5,11.41,MX,1609279604
livani,56.35,26.18,37.96,85,100,14.79,LV,1609279605
vila velha,-20.33,-40.29,79.0,78,20,14.99,BR,1609279606
ixtapa,20.7,-105.2,73.99,73,5,10.29,MX,1609279341
weatherford,32.76,-97.8,66.99,81,100,5.99,US,1609279610
ambunti,-4.24,142.84,74.53,97,100,1.3,PG,1609279611
caninde,-4.36,-39.31,82.89,51,41,7.54,BR,1609279612
faya,18.39,42.45,55.4,71,0,2.26,SA,1609279613
roding,49.2,12.52,33.01,97,67,4.05,DE,1609279614
qasigiannguit,68.82,-51.19,19.4,62,40,24.16,GL,1609279615
savannah bight,16.45,-85.85,77.0,78,75,4.7,HN,1609279616
isla mujeres,21.23,-86.73,80.01,57,40,13.87,MX,1609279617
rafai,4.95,23.92,76.33,39,98,0.31,CF,1609279618
andros town,24.7,-77.77,73.4,64,75,11.41,BS,1609279619
taoudenni,22.68,-3.98,71.82,31,36,4.43,ML,1609279621
ambilobe,-13.2,49.05,75.47,90,100,1.39,MG,1609279622
atar,20.52,-13.05,70.12,34,25,2.62,MR,1609279623
gari,59.43,62.35,-18.69,87,61,5.44,RU,1609279624
chumikan,54.72,135.31,-20.78,80,100,19.8,RU,1609279625
erenhot,43.65,111.98,-16.1,83,0,9.26,CN,1609279626
taganak,6.08,118.3,73.4,100,40,1.12,PH,1609279627
emba,48.83,58.14,5.13,92,0,4.7,KZ,1609279629
ust-maya,60.42,134.53,-53.81,71,52,0.45,RU,1609279630
oranjemund,-28.55,16.43,61.61,80,1,8.41,NA,1609279631
xiongyue,40.18,122.12,2.17,83,62,20.71,CN,1609279632
mikuni,36.22,136.15,44.6,100,90,3.36,JP,1609279547
warwick,41.7,-71.42,32.0,79,1,12.75,US,1609279634
bolgatanga,10.79,-0.85,74.68,18,0,5.91,GH,1609279636
litovko,49.24,135.17,-13.13,70,53,1.83,RU,1609279637
westport,41.14,-73.36,34.0,54,56,11.48,US,1609279506
micheweni,-4.97,39.83,81.27,79,98,12.66,TZ,1609279639
tarko-sale,64.92,77.78,-13.0,79,100,12.41,RU,1609279640
narasaraopet,16.25,80.07,65.14,92,0,2.59,IN,1609279641
la asuncion,11.03,-63.86,78.3,83,10,7.7,VE,1609279642
khandyga,62.67,135.6,-45.6,77,100,1.12,RU,1609279644
anshun,26.25,105.93,32.49,93,99,13.56,CN,1609279430
ilebo,-4.32,20.58,70.34,91,100,0.38,CD,1609279646
sagua de tanamo,20.58,-75.24,72.9,79,9,10.04,CU,1609279647
chilca,-12.52,-76.74,71.6,83,90,13.87,PE,1609279648
mamontovo,52.71,81.62,9.9,93,100,12.77,RU,1609279649
oistins,13.07,-59.53,77.0,88,75,4.7,BB,1609279651
ipojuca,-8.4,-35.06,78.8,61,75,11.41,BR,1609279652
bandarbeyla,9.49,50.81,73.9,81,59,21.14,SO,1609279653
stornoway,58.21,-6.39,34.0,80,40,9.17,GB,1609279654
san miguelito,9.03,-79.5,82.4,88,40,11.41,PA,1609279656
